Karan Misra <kidoman@gmail.com>
Kashyap Kopparam <kashyapkopparam@gmail.com>
Kunal Powar <kunalpowar1203@gmail.com>
Marco P. Monteiro <marco_monteiro@sv.comcast.com>
Nikesh Vora <nikesh.voratp@gmail.com>
Steve Beaulac <steve@beaulac.me>
Al S-M <asm@rndm.io>
Ben Delarre <ben@delarre.net>
